Workbook

Sheet 風險評級來源
A1: ISO 2 Code | B1: 國家/地區英文名稱 | C1: 國家/地區中文名稱 | D1: 風險等級 | E1: 範本工作表 | F1: 範本列號 | G1: 來源檔案
A2: MM | B2: Myanmar (Burma) | C2: 緬甸 | D2: 高風險 | E2: 銀行國家清單(2026.03) | F2: 156 | G2: 文件範本\00.風險評級\風險評級表_地域風險202603.xlsx
A3: VN | B3: VietNam | C3: 越南 | D3: 高風險 | E3: 銀行國家清單(2026.03) | F3: 247 | G3: 文件範本\00.風險評級\風險評級表_地域風險202603.xlsx
A4: ID | B4: Indonesia | C4: 印尼 | D4: 中高風險 | E4: 銀行國家清單(2026.03) | F4: 106 | G4: 文件範本\00.風險評級\風險評級表_地域風險202603.xlsx
A5: KH | B5: Cambodia | C5: 柬埔寨 | D5: 中風險 | E5: 銀行國家清單(2026.03) | F5: 41 | G5: 文件範本\00.風險評級\風險評級表_地域風險202603.xlsx
A6: PH | B6: Philippines | C6: 菲律賓 | D6: 中高風險 | E6: 銀行國家清單(2026.03) | F6: 179 | G6: 文件範本\00.風險評級\風險評級表_地域風險202603.xlsx
A7: CN | B7: China | C7: 中國 | D7: 中高風險 | E7: 銀行國家清單(2026.03) | F7: 48 | G7: 文件範本\00.風險評級\風險評級表_地域風險202603.xlsx

Sheet 模擬客戶名單
A1: 模擬客戶名單－銀行國家風險
A2: 國家風險依「風險評級表_地域風險202603.xlsx／銀行國家清單(2026.03)」帶入
A3: 序號 | B3: 銀行簡稱 | C3: 銀行英文全名 | D3: BIC | E3: ISO 2 Code | F3: 國家/地區英文名稱 | G3: 國家/地區中文名稱 | H3: 國家風險等級
A4: 1 | B4: KBZ | C4: KANBAWZA BANK LTD | D4: KBZBMMMY | E4: MM | F4: =IFERROR(VLOOKUP(E4,風險評級來源!$A$2:$D$7,2,FALSE),"" ) -> Myanmar (Burma) | G4: =IFERROR(VLOOKUP(E4,風險評級來源!$A$2:$D$7,3,FALSE),"" ) -> 緬甸 | H4: =IFERROR(VLOOKUP(E4,風險評級來源!$A$2:$D$7,4,FALSE),"" ) -> 高風險
A5: 2 | B5: BIDV | C5: JOINT STOCK COMMERCIAL BANK FOR INVESTMENT AND DEVELOPMENT OF VIETNAM | D5: BIDVVNVX | E5: VN | F5: =IFERROR(VLOOKUP(E5,風險評級來源!$A$2:$D$7,2,FALSE),"" ) -> VietNam | G5: =IFERROR(VLOOKUP(E5,風險評級來源!$A$2:$D$7,3,FALSE),"" ) -> 越南 | H5: =IFERROR(VLOOKUP(E5,風險評級來源!$A$2:$D$7,4,FALSE),"" ) -> 高風險
A6: 3 | B6: IVB | C6: INDOVINA BANK LTD., HO CHI MINH CITY | D6: IABBVNVX | E6: VN | F6: =IFERROR(VLOOKUP(E6,風險評級來源!$A$2:$D$7,2,FALSE),"" ) -> VietNam | G6: =IFERROR(VLOOKUP(E6,風險評級來源!$A$2:$D$7,3,FALSE),"" ) -> 越南 | H6: =IFERROR(VLOOKUP(E6,風險評級來源!$A$2:$D$7,4,FALSE),"" ) -> 高風險
A7: 4 | B7: VietinBank | C7: VIETNAM JOINT STOCK COMMERCIAL BANK | D7: ICBVVNVX | E7: VN | F7: =IFERROR(VLOOKUP(E7,風險評級來源!$A$2:$D$7,2,FALSE),"" ) -> VietNam | G7: =IFERROR(VLOOKUP(E7,風險評級來源!$A$2:$D$7,3,FALSE),"" ) -> 越南 | H7: =IFERROR(VLOOKUP(E7,風險評級來源!$A$2:$D$7,4,FALSE),"" ) -> 高風險
A8: 5 | B8: Mayapada | C8: PT BANK MAYAPADA INTERNASIONAL TBK | D8: MAYAIDJA | E8: ID | F8: =IFERROR(VLOOKUP(E8,風險評級來源!$A$2:$D$7,2,FALSE),"" ) -> Indonesia | G8: =IFERROR(VLOOKUP(E8,風險評級來源!$A$2:$D$7,3,FALSE),"" ) -> 印尼 | H8: =IFERROR(VLOOKUP(E8,風險評級來源!$A$2:$D$7,4,FALSE),"" ) -> 中高風險
A9: 6 | B9: Myanmar Oriental Bank | C9: MYANMAR ORIENTAL BANK | D9: MYORMMMY | E9: MM | F9: =IFERROR(VLOOKUP(E9,風險評級來源!$A$2:$D$7,2,FALSE),"" ) -> Myanmar (Burma) | G9: =IFERROR(VLOOKUP(E9,風險評級來源!$A$2:$D$7,3,FALSE),"" ) -> 緬甸 | H9: =IFERROR(VLOOKUP(E9,風險評級來源!$A$2:$D$7,4,FALSE),"" ) -> 高風險
A10: 7 | B10: CB Bank | C10: CO-OPERATIVE BANK LTD | D10: CPOBMMMY | E10: MM | F10: =IFERROR(VLOOKUP(E10,風險評級來源!$A$2:$D$7,2,FALSE),"" ) -> Myanmar (Burma) | G10: =IFERROR(VLOOKUP(E10,風險評級來源!$A$2:$D$7,3,FALSE),"" ) -> 緬甸 | H10: =IFERROR(VLOOKUP(E10,風險評級來源!$A$2:$D$7,4,FALSE),"" ) -> 高風險
A11: 8 | B11: CUBC | C11: CATHAY UNITED BANK (CAMBODIA) | D11: CSBCKHPP | E11: KH | F11: =IFERROR(VLOOKUP(E11,風險評級來源!$A$2:$D$7,2,FALSE),"" ) -> Cambodia | G11: =IFERROR(VLOOKUP(E11,風險評級來源!$A$2:$D$7,3,FALSE),"" ) -> 柬埔寨 | H11: =IFERROR(VLOOKUP(E11,風險評級來源!$A$2:$D$7,4,FALSE),"" ) -> 中風險
A12: 9 | B12: RCBC | C12: RCBC, RIZAL COMMERCIAL BANKING CORP. | D12: RCBCPHMM | E12: PH | F12: =IFERROR(VLOOKUP(E12,風險評級來源!$A$2:$D$7,2,FALSE),"" ) -> Philippines | G12: =IFERROR(VLOOKUP(E12,風險評級來源!$A$2:$D$7,3,FALSE),"" ) -> 菲律賓 | H12: =IFERROR(VLOOKUP(E12,風險評級來源!$A$2:$D$7,4,FALSE),"" ) -> 中高風險
A13: 10 | B13: Cathay United Bank (China) | C13: CATHAY UNITED BANK (CHINA) | D13: UWCBCNSH | E13: CN | F13: =IFERROR(VLOOKUP(E13,風險評級來源!$A$2:$D$7,2,FALSE),"" ) -> China | G13: =IFERROR(VLOOKUP(E13,風險評級來源!$A$2:$D$7,3,FALSE),"" ) -> 中國 | H13: =IFERROR(VLOOKUP(E13,風險評級來源!$A$2:$D$7,4,FALSE),"" ) -> 中高風險
